{"cameraMode":{"drawMode":0,"name":"Shaded","section":"Shading Mode"},"sceneLighting":false,"audioPlay":false,"sceneViewState":{"showFog":true,"showMaterialUpdate":false,"showSkybox":false,"showFlares":true,"showImageEffects":true,"showParticleSystems":true},"in2DMode":false,"pivot":{"x":1.6815146207809449,"y":0.8588607311248779,"z":2.7442121505737306},"rotation":{"x":0.018222687765955926,"y":0.9335027933120728,"z":-0.35490477085113528,"w":0.0479317270219326},"size":0.6452344655990601,"orthographic":false}